ano,sexo,sit_cens,fx_idade,abaixo_low,abaixo_upp,normal_low,normal_upp,sobre_low,sobre_upp,obes_low,obes_upp,fx_imc,prop
2013,homem,urbano,18 a 29 anos,0.4849144579178488,0.5403254287401131,0.07794016141216364,0.1133783777470958,0.052589060074563175,0.07575722770346927,0.3039146503537946,0.3511806360509514,abaixo do peso,0.512619943328981
2013,homem,urbano,18 a 29 anos,0.4849144579178488,0.5403254287401131,0.07794016141216364,0.1133783777470958,0.052589060074563175,0.07575722770346927,0.3039146503537946,0.3511806360509514,normal,0.09565926957962972
2013,homem,urbano,18 a 29 anos,0.4849144579178488,0.5403254287401131,0.07794016141216364,0.1133783777470958,0.052589060074563175,0.07575722770346927,0.3039146503537946,0.3511806360509514,sobrepeso,0.06417314388901622
2013,homem,urbano,18 a 29 anos,0.4849144579178488,0.5403254287401131,0.07794016141216364,0.1133783777470958,0.052589060074563175,0.07575722770346927,0.3039146503537946,0.3511806360509514,obesidade,0.327547643202373
2013,homem,urbano,30 a 44 anos,0.5004074693649991,0.5490107448379391,0.047449906651319596,0.06766557616750196,0.06179774808543269,0.08256655539309445,0.3234238991859981,0.36767810031371484,abaixo do peso,0.5247091071014691
2013,homem,urbano,30 a 44 anos,0.5004074693649991,0.5490107448379391,0.047449906651319596,0.06766557616750196,0.06179774808543269,0.08256655539309445,0.3234238991859981,0.36767810031371484,normal,0.05755774140941078
2013,homem,urbano,30 a 44 anos,0.5004074693649991,0.5490107448379391,0.047449906651319596,0.06766557616750196,0.06179774808543269,0.08256655539309445,0.3234238991859981,0.36767810031371484,sobrepeso,0.07218215173926357
2013,homem,urbano,30 a 44 anos,0.5004074693649991,0.5490107448379391,0.047449906651319596,0.06766557616750196,0.06179774808543269,0.08256655539309445,0.3234238991859981,0.36767810031371484,obesidade,0.3455509997498565
2013,homem,urbano,45 a 59 anos,0.4650209978084986,0.5226258645930337,0.04418271313681992,0.06620125572472987,0.07446406511423502,0.10721262719959009,0.33316785648089287,0.38712461994220004,abaixo do peso,0.49382343120076616
2013,homem,urbano,45 a 59 anos,0.4650209978084986,0.5226258645930337,0.04418271313681992,0.06620125572472987,0.07446406511423502,0.10721262719959009,0.33316785648089287,0.38712461994220004,normal,0.055191984430774894
2013,homem,urbano,45 a 59 anos,0.4650209978084986,0.5226258645930337,0.04418271313681992,0.06620125572472987,0.07446406511423502,0.10721262719959009,0.33316785648089287,0.38712461994220004,sobrepeso,0.09083834615691255
2013,homem,urbano,45 a 59 anos,0.4650209978084986,0.5226258645930337,0.04418271313681992,0.06620125572472987,0.07446406511423502,0.10721262719959009,0.33316785648089287,0.38712461994220004,obesidade,0.36014623821154645
2013,homem,urbano,60 a 74 anos,0.5207625887869309,0.594571760836254,0.039623608987377164,0.06591198216794408,0.05134835478536036,0.09017817550318945,0.2863920408299319,0.3512114881030119,abaixo do peso,0.5576671748115924
2013,homem,urbano,60 a 74 anos,0.5207625887869309,0.594571760836254,0.039623608987377164,0.06591198216794408,0.05134835478536036,0.09017817550318945,0.2863920408299319,0.3512114881030119,normal,0.05276779557766062
2013,homem,urbano,60 a 74 anos,0.5207625887869309,0.594571760836254,0.039623608987377164,0.06591198216794408,0.05134835478536036,0.09017817550318945,0.2863920408299319,0.3512114881030119,sobrepeso,0.0707632651442749
2013,homem,urbano,60 a 74 anos,0.5207625887869309,0.594571760836254,0.039623608987377164,0.06591198216794408,0.05134835478536036,0.09017817550318945,0.2863920408299319,0.3512114881030119,obesidade,0.3188017644664719
2013,homem,urbano,75 anos ou mais,0.5035966294861429,0.623018718212001,0.03823617337973942,0.08483956197853267,0.023367757691493404,0.06666543382370956,0.27324612062099984,0.3870296048073809,abaixo do peso,0.563307673849072
2013,homem,urbano,75 anos ou mais,0.5035966294861429,0.623018718212001,0.03823617337973942,0.08483956197853267,0.023367757691493404,0.06666543382370956,0.27324612062099984,0.3870296048073809,normal,0.06153786767913604
2013,homem,urbano,75 anos ou mais,0.5035966294861429,0.623018718212001,0.03823617337973942,0.08483956197853267,0.023367757691493404,0.06666543382370956,0.27324612062099984,0.3870296048073809,sobrepeso,0.04501659575760148
2013,homem,urbano,75 anos ou mais,0.5035966294861429,0.623018718212001,0.03823617337973942,0.08483956197853267,0.023367757691493404,0.06666543382370956,0.27324612062099984,0.3870296048073809,obesidade,0.3301378627141904
2013,homem,rural,18 a 29 anos,0.49771930265296704,0.6089163241596763,0.04552147232425832,0.08809720421581138,0.010279755882585234,0.03190623520101876,0.3059538914677963,0.41160581409588637,abaixo do peso,0.5533178134063217
2013,homem,rural,18 a 29 anos,0.49771930265296704,0.6089163241596763,0.04552147232425832,0.08809720421581138,0.010279755882585234,0.03190623520101876,0.3059538914677963,0.41160581409588637,normal,0.06680933827003485
2013,homem,rural,18 a 29 anos,0.49771930265296704,0.6089163241596763,0.04552147232425832,0.08809720421581138,0.010279755882585234,0.03190623520101876,0.3059538914677963,0.41160581409588637,sobrepeso,0.021092995541802
2013,homem,rural,18 a 29 anos,0.49771930265296704,0.6089163241596763,0.04552147232425832,0.08809720421581138,0.010279755882585234,0.03190623520101876,0.3059538914677963,0.41160581409588637,obesidade,0.3587798527818413
2013,homem,rural,30 a 44 anos,0.5296400442190197,0.6148426429113576,0.04129963856755743,0.07709334446887282,0.029779764599486815,0.08648906351949698,0.27313282502581,0.3477226766883987,abaixo do peso,0.5722413435651886
2013,homem,rural,30 a 44 anos,0.5296400442190197,0.6148426429113576,0.04129963856755743,0.07709334446887282,0.029779764599486815,0.08648906351949698,0.27313282502581,0.3477226766883987,normal,0.05919649151821513
2013,homem,rural,30 a 44 anos,0.5296400442190197,0.6148426429113576,0.04129963856755743,0.07709334446887282,0.029779764599486815,0.08648906351949698,0.27313282502581,0.3477226766883987,sobrepeso,0.05813441405949189
2013,homem,rural,30 a 44 anos,0.5296400442190197,0.6148426429113576,0.04129963856755743,0.07709334446887282,0.029779764599486815,0.08648906351949698,0.27313282502581,0.3477226766883987,obesidade,0.31042775085710433
2013,homem,rural,45 a 59 anos,0.4643861473724304,0.5686915654790778,0.06776002127284235,0.12476068554288781,0.023371699226087665,0.07032550841286794,0.2951672409060072,0.3855371317877986,abaixo do peso,0.5165388564257541
2013,homem,rural,45 a 59 anos,0.4643861473724304,0.5686915654790778,0.06776002127284235,0.12476068554288781,0.023371699226087665,0.07032550841286794,0.2951672409060072,0.3855371317877986,normal,0.09626035340786508
2013,homem,rural,45 a 59 anos,0.4643861473724304,0.5686915654790778,0.06776002127284235,0.12476068554288781,0.023371699226087665,0.07032550841286794,0.2951672409060072,0.3855371317877986,sobrepeso,0.04684860381947781
2013,homem,rural,45 a 59 anos,0.4643861473724304,0.5686915654790778,0.06776002127284235,0.12476068554288781,0.023371699226087665,0.07032550841286794,0.2951672409060072,0.3855371317877986,obesidade,0.3403521863469029
2013,homem,rural,60 a 74 anos,0.4957803085700209,0.6144561310678733,0.03943458224073504,0.09439605428317638,0.013889306285642727,0.04162877798721673,0.2963701897551433,0.4040446498101915,abaixo do peso,0.5551182198189472
2013,homem,rural,60 a 74 anos,0.4957803085700209,0.6144561310678733,0.03943458224073504,0.09439605428317638,0.013889306285642727,0.04162877798721673,0.2963701897551433,0.4040446498101915,normal,0.06691531826195571
2013,homem,rural,60 a 74 anos,0.4957803085700209,0.6144561310678733,0.03943458224073504,0.09439605428317638,0.013889306285642727,0.04162877798721673,0.2963701897551433,0.4040446498101915,sobrepeso,0.02775904213642973
2013,homem,rural,60 a 74 anos,0.4957803085700209,0.6144561310678733,0.03943458224073504,0.09439605428317638,0.013889306285642727,0.04162877798721673,0.2963701897551433,0.4040446498101915,obesidade,0.3502074197826674
2013,homem,rural,75 anos ou mais,0.37717762930493787,0.5941386128449144,-0.003985142361470295,0.2105027859987158,-0.014057252098042587,0.09944806641449266,0.2745359058507672,0.4622393940456851,abaixo do peso,0.4856581210749261
2013,homem,rural,75 anos ou mais,0.37717762930493787,0.5941386128449144,-0.003985142361470295,0.2105027859987158,-0.014057252098042587,0.09944806641449266,0.2745359058507672,0.4622393940456851,normal,0.10325882181862275
2013,homem,rural,75 anos ou mais,0.37717762930493787,0.5941386128449144,-0.003985142361470295,0.2105027859987158,-0.014057252098042587,0.09944806641449266,0.2745359058507672,0.4622393940456851,sobrepeso,0.042695407158225035
2013,homem,rural,75 anos ou mais,0.37717762930493787,0.5941386128449144,-0.003985142361470295,0.2105027859987158,-0.014057252098042587,0.09944806641449266,0.2745359058507672,0.4622393940456851,obesidade,0.36838764994822615
2013,mulher,urbano,18 a 29 anos,0.5295889544720398,0.5795567860603861,0.07270751594299636,0.0968892622516671,0.02448701555666297,0.03861320943929099,0.30678837499076805,0.3513688812861887,abaixo do peso,0.5545728702662129
2013,mulher,urbano,18 a 29 anos,0.5295889544720398,0.5795567860603861,0.07270751594299636,0.0968892622516671,0.02448701555666297,0.03861320943929099,0.30678837499076805,0.3513688812861887,normal,0.08479838909733173
2013,mulher,urbano,18 a 29 anos,0.5295889544720398,0.5795567860603861,0.07270751594299636,0.0968892622516671,0.02448701555666297,0.03861320943929099,0.30678837499076805,0.3513688812861887,sobrepeso,0.03155011249797698
2013,mulher,urbano,18 a 29 anos,0.5295889544720398,0.5795567860603861,0.07270751594299636,0.0968892622516671,0.02448701555666297,0.03861320943929099,0.30678837499076805,0.3513688812861887,obesidade,0.3290786281384784
2013,mulher,urbano,30 a 44 anos,0.5094011279039057,0.5536711397680283,0.06917304888037126,0.08948839622641666,0.04430672007880126,0.06121167985366476,0.3169259650465603,0.35582192224225145,abaixo do peso,0.531536133835967
2013,mulher,urbano,30 a 44 anos,0.5094011279039057,0.5536711397680283,0.06917304888037126,0.08948839622641666,0.04430672007880126,0.06121167985366476,0.3169259650465603,0.35582192224225145,normal,0.07933072255339396
2013,mulher,urbano,30 a 44 anos,0.5094011279039057,0.5536711397680283,0.06917304888037126,0.08948839622641666,0.04430672007880126,0.06121167985366476,0.3169259650465603,0.35582192224225145,sobrepeso,0.05275919996623301
2013,mulher,urbano,30 a 44 anos,0.5094011279039057,0.5536711397680283,0.06917304888037126,0.08948839622641666,0.04430672007880126,0.06121167985366476,0.3169259650465603,0.35582192224225145,obesidade,0.33637394364440587
2013,mulher,urbano,45 a 59 anos,0.48850666859114766,0.5352897844078095,0.04023973141416606,0.05755691384223478,0.051949842766040644,0.07419015356056952,0.3544140156958808,0.39785288972215094,abaixo do peso,0.5118982264994786
2013,mulher,urbano,45 a 59 anos,0.48850666859114766,0.5352897844078095,0.04023973141416606,0.05755691384223478,0.051949842766040644,0.07419015356056952,0.3544140156958808,0.39785288972215094,normal,0.04889832262820042
2013,mulher,urbano,45 a 59 anos,0.48850666859114766,0.5352897844078095,0.04023973141416606,0.05755691384223478,0.051949842766040644,0.07419015356056952,0.3544140156958808,0.39785288972215094,sobrepeso,0.06306999816330508
2013,mulher,urbano,45 a 59 anos,0.48850666859114766,0.5352897844078095,0.04023973141416606,0.05755691384223478,0.051949842766040644,0.07419015356056952,0.3544140156958808,0.39785288972215094,obesidade,0.3761334527090159
2013,mulher,urbano,60 a 74 anos,0.5113308177068151,0.5698357132643318,0.03643561378697248,0.05782578654288893,0.0507730951807772,0.0784141501321869,0.3216071622825169,0.3737776611035107,abaixo do peso,0.5405832654855734
2013,mulher,urbano,60 a 74 anos,0.5113308177068151,0.5698357132643318,0.03643561378697248,0.05782578654288893,0.0507730951807772,0.0784141501321869,0.3216071622825169,0.3737776611035107,normal,0.047130700164930706
2013,mulher,urbano,60 a 74 anos,0.5113308177068151,0.5698357132643318,0.03643561378697248,0.05782578654288893,0.0507730951807772,0.0784141501321869,0.3216071622825169,0.3737776611035107,sobrepeso,0.06459362265648205
2013,mulher,urbano,60 a 74 anos,0.5113308177068151,0.5698357132643318,0.03643561378697248,0.05782578654288893,0.0507730951807772,0.0784141501321869,0.3216071622825169,0.3737776611035107,obesidade,0.3476924116930138
2013,mulher,urbano,75 anos ou mais,0.4901815697350651,0.577037212826865,0.050826432310771344,0.09681144051809391,0.0304896254472094,0.05732843294858639,0.3078558428899272,0.38946944332348166,abaixo do peso,0.5336093912809651
2013,mulher,urbano,75 anos ou mais,0.4901815697350651,0.577037212826865,0.050826432310771344,0.09681144051809391,0.0304896254472094,0.05732843294858639,0.3078558428899272,0.38946944332348166,normal,0.07381893641443263
2013,mulher,urbano,75 anos ou mais,0.4901815697350651,0.577037212826865,0.050826432310771344,0.09681144051809391,0.0304896254472094,0.05732843294858639,0.3078558428899272,0.38946944332348166,sobrepeso,0.043909029197897895
2013,mulher,urbano,75 anos ou mais,0.4901815697350651,0.577037212826865,0.050826432310771344,0.09681144051809391,0.0304896254472094,0.05732843294858639,0.3078558428899272,0.38946944332348166,obesidade,0.3486626431067044
2013,mulher,rural,18 a 29 anos,0.5154373843827286,0.6190823447327362,0.050736125021634784,0.09993984942708388,0.012318298572337776,0.04483815112657037,0.2843602966661359,0.3732875500707727,abaixo do peso,0.5672598645577324
2013,mulher,rural,18 a 29 anos,0.5154373843827286,0.6190823447327362,0.050736125021634784,0.09993984942708388,0.012318298572337776,0.04483815112657037,0.2843602966661359,0.3732875500707727,normal,0.07533798722435933
2013,mulher,rural,18 a 29 anos,0.5154373843827286,0.6190823447327362,0.050736125021634784,0.09993984942708388,0.012318298572337776,0.04483815112657037,0.2843602966661359,0.3732875500707727,sobrepeso,0.028578224849454072
2013,mulher,rural,18 a 29 anos,0.5154373843827286,0.6190823447327362,0.050736125021634784,0.09993984942708388,0.012318298572337776,0.04483815112657037,0.2843602966661359,0.3732875500707727,obesidade,0.3288239233684543
2013,mulher,rural,30 a 44 anos,0.4781359168080729,0.5682194175442644,0.04401559015182431,0.0909625844622358,0.027950833121830294,0.0647554581820151,0.32421197893816905,0.40174822079158795,abaixo do peso,0.5231776671761686
2013,mulher,rural,30 a 44 anos,0.4781359168080729,0.5682194175442644,0.04401559015182431,0.0909625844622358,0.027950833121830294,0.0647554581820151,0.32421197893816905,0.40174822079158795,normal,0.06748908730703006
2013,mulher,rural,30 a 44 anos,0.4781359168080729,0.5682194175442644,0.04401559015182431,0.0909625844622358,0.027950833121830294,0.0647554581820151,0.32421197893816905,0.40174822079158795,sobrepeso,0.046353145651922695
2013,mulher,rural,30 a 44 anos,0.4781359168080729,0.5682194175442644,0.04401559015182431,0.0909625844622358,0.027950833121830294,0.0647554581820151,0.32421197893816905,0.40174822079158795,obesidade,0.3629800998648785
2013,mulher,rural,45 a 59 anos,0.49719536080995475,0.5997263100191182,0.022364458948515093,0.06232885670509716,0.023273975695169462,0.06223391537459769,0.31990573168247544,0.4129713907650722,abaixo do peso,0.5484608354145365
2013,mulher,rural,45 a 59 anos,0.49719536080995475,0.5997263100191182,0.022364458948515093,0.06232885670509716,0.023273975695169462,0.06223391537459769,0.31990573168247544,0.4129713907650722,normal,0.042346657826806126
2013,mulher,rural,45 a 59 anos,0.49719536080995475,0.5997263100191182,0.022364458948515093,0.06232885670509716,0.023273975695169462,0.06223391537459769,0.31990573168247544,0.4129713907650722,sobrepeso,0.042753945534883576
2013,mulher,rural,45 a 59 anos,0.49719536080995475,0.5997263100191182,0.022364458948515093,0.06232885670509716,0.023273975695169462,0.06223391537459769,0.31990573168247544,0.4129713907650722,obesidade,0.36643856122377383
2013,mulher,rural,60 a 74 anos,0.4923831945748332,0.6156158551882933,0.018956967769803733,0.08657713078246385,0.0316675567435043,0.0883539216070689,0.2798315304421153,0.38661384289191747,abaixo do peso,0.5539995248815632
2013,mulher,rural,60 a 74 anos,0.4923831945748332,0.6156158551882933,0.018956967769803733,0.08657713078246385,0.0316675567435043,0.0883539216070689,0.2798315304421153,0.38661384289191747,normal,0.05276704927613379
2013,mulher,rural,60 a 74 anos,0.4923831945748332,0.6156158551882933,0.018956967769803733,0.08657713078246385,0.0316675567435043,0.0883539216070689,0.2798315304421153,0.38661384289191747,sobrepeso,0.0600107391752866
2013,mulher,rural,60 a 74 anos,0.4923831945748332,0.6156158551882933,0.018956967769803733,0.08657713078246385,0.0316675567435043,0.0883539216070689,0.2798315304421153,0.38661384289191747,obesidade,0.3332226866670164
2013,mulher,rural,75 anos ou mais,0.5871252306545567,0.7987297112137688,8.354403599570778e-4,0.06609307900161177,-0.004154133705866005,0.058213806856223044,0.1597943547087307,0.3333625109110179,abaixo do peso,0.6929274709341627
2013,mulher,rural,75 anos ou mais,0.5871252306545567,0.7987297112137688,8.354403599570778e-4,0.06609307900161177,-0.004154133705866005,0.058213806856223044,0.1597943547087307,0.3333625109110179,normal,0.033464259680784425
2013,mulher,rural,75 anos ou mais,0.5871252306545567,0.7987297112137688,8.354403599570778e-4,0.06609307900161177,-0.004154133705866005,0.058213806856223044,0.1597943547087307,0.3333625109110179,sobrepeso,0.02702983657517852
2013,mulher,rural,75 anos ou mais,0.5871252306545567,0.7987297112137688,8.354403599570778e-4,0.06609307900161177,-0.004154133705866005,0.058213806856223044,0.1597943547087307,0.3333625109110179,obesidade,0.2465784328098743
2019,homem,urbano,18 a 29 anos,0.01464270754779052,0.0876480302642399,0.5386554069773399,0.7069216920753296,0.14929190714469026,0.28205996330432476,0.06418071816116504,0.1565995745251197,abaixo do peso,0.051145368906015204
2019,homem,urbano,18 a 29 anos,0.01464270754779052,0.0876480302642399,0.5386554069773399,0.7069216920753296,0.14929190714469026,0.28205996330432476,0.06418071816116504,0.1565995745251197,normal,0.6227885495263348
2019,homem,urbano,18 a 29 anos,0.01464270754779052,0.0876480302642399,0.5386554069773399,0.7069216920753296,0.14929190714469026,0.28205996330432476,0.06418071816116504,0.1565995745251197,sobrepeso,0.2156759352245075
2019,homem,urbano,18 a 29 anos,0.01464270754779052,0.0876480302642399,0.5386554069773399,0.7069216920753296,0.14929190714469026,0.28205996330432476,0.06418071816116504,0.1565995745251197,obesidade,0.11039014634314237
2019,homem,urbano,30 a 44 anos,7.053543663099182e-5,0.049466190604981496,0.29431903257483866,0.40824754906319266,0.35627731115397215,0.4703101589500089,0.16237798546030371,0.2589312367560714,abaixo do peso,0.024768363020806244
2019,homem,urbano,30 a 44 anos,7.053543663099182e-5,0.049466190604981496,0.29431903257483866,0.40824754906319266,0.35627731115397215,0.4703101589500089,0.16237798546030371,0.2589312367560714,normal,0.35128329081901566
2019,homem,urbano,30 a 44 anos,7.053543663099182e-5,0.049466190604981496,0.29431903257483866,0.40824754906319266,0.35627731115397215,0.4703101589500089,0.16237798546030371,0.2589312367560714,sobrepeso,0.4132937350519905
2019,homem,urbano,30 a 44 anos,7.053543663099182e-5,0.049466190604981496,0.29431903257483866,0.40824754906319266,0.35627731115397215,0.4703101589500089,0.16237798546030371,0.2589312367560714,obesidade,0.21065461110818756
2019,homem,urbano,45 a 59 anos,-6.151350373439253e-4,0.0018619837702885736,0.2261953252308156,0.37888061840685167,0.22270141416538014,0.4624016423184779,0.2837625240410684,0.42481162710446163,abaixo do peso,6.234243664723242e-4
2019,homem,urbano,45 a 59 anos,-6.151350373439253e-4,0.0018619837702885736,0.2261953252308156,0.37888061840685167,0.22270141416538014,0.4624016423184779,0.2837625240410684,0.42481162710446163,normal,0.30253797181883363
2019,homem,urbano,45 a 59 anos,-6.151350373439253e-4,0.0018619837702885736,0.2261953252308156,0.37888061840685167,0.22270141416538014,0.4624016423184779,0.2837625240410684,0.42481162710446163,sobrepeso,0.342551528241929
2019,homem,urbano,45 a 59 anos,-6.151350373439253e-4,0.0018619837702885736,0.2261953252308156,0.37888061840685167,0.22270141416538014,0.4624016423184779,0.2837625240410684,0.42481162710446163,obesidade,0.354287075572765
2019,homem,urbano,60 a 74 anos,-0.004263148694883874,0.044215957106559026,0.2182053666347386,0.3809527784444649,0.3609174001645596,0.5236220407258974,0.16251132292360615,0.31383828269505826,abaixo do peso,0.019976404205837576
2019,homem,urbano,60 a 74 anos,-0.004263148694883874,0.044215957106559026,0.2182053666347386,0.3809527784444649,0.3609174001645596,0.5236220407258974,0.16251132292360615,0.31383828269505826,normal,0.29957907253960175
2019,homem,urbano,60 a 74 anos,-0.004263148694883874,0.044215957106559026,0.2182053666347386,0.3809527784444649,0.3609174001645596,0.5236220407258974,0.16251132292360615,0.31383828269505826,sobrepeso,0.44226972044522844
2019,homem,urbano,60 a 74 anos,-0.004263148694883874,0.044215957106559026,0.2182053666347386,0.3809527784444649,0.3609174001645596,0.5236220407258974,0.16251132292360615,0.31383828269505826,obesidade,0.2381748028093322
2019,homem,urbano,75 anos ou mais,-0.0115708012943429,0.06896142803560522,0.25857538964037113,0.5504776810717746,0.21320603764910298,0.5068741632110346,0.0223763297559543,0.39109977193050016,abaixo do peso,0.02869531337063116
2019,homem,urbano,75 anos ou mais,-0.0115708012943429,0.06896142803560522,0.25857538964037113,0.5504776810717746,0.21320603764910298,0.5068741632110346,0.0223763297559543,0.39109977193050016,normal,0.40452653535607286
2019,homem,urbano,75 anos ou mais,-0.0115708012943429,0.06896142803560522,0.25857538964037113,0.5504776810717746,0.21320603764910298,0.5068741632110346,0.0223763297559543,0.39109977193050016,sobrepeso,0.3600401004300688
2019,homem,urbano,75 anos ou mais,-0.0115708012943429,0.06896142803560522,0.25857538964037113,0.5504776810717746,0.21320603764910298,0.5068741632110346,0.0223763297559543,0.39109977193050016,obesidade,0.20673805084322724
2019,homem,rural,18 a 29 anos,0.01706976958646534,0.0936039566234807,0.5817822490772866,0.7594275979274552,0.15271146371721658,0.30526779996582754,0.014993496411735734,0.07514366669053228,abaixo do peso,0.055336863104973016
2019,homem,rural,18 a 29 anos,0.01706976958646534,0.0936039566234807,0.5817822490772866,0.7594275979274552,0.15271146371721658,0.30526779996582754,0.014993496411735734,0.07514366669053228,normal,0.6706049235023709
2019,homem,rural,18 a 29 anos,0.01706976958646534,0.0936039566234807,0.5817822490772866,0.7594275979274552,0.15271146371721658,0.30526779996582754,0.014993496411735734,0.07514366669053228,sobrepeso,0.22898963184152205
2019,homem,rural,18 a 29 anos,0.01706976958646534,0.0936039566234807,0.5817822490772866,0.7594275979274552,0.15271146371721658,0.30526779996582754,0.014993496411735734,0.07514366669053228,obesidade,0.04506858155113401
2019,homem,rural,30 a 44 anos,-0.012801077387815996,0.046416472091835,0.28301337157853607,0.43345544328750213,0.35068593288680905,0.5153411743998176,0.12949702919724507,0.25439165394607116,abaixo do peso,0.0168076973520095
2019,homem,rural,30 a 44 anos,-0.012801077387815996,0.046416472091835,0.28301337157853607,0.43345544328750213,0.35068593288680905,0.5153411743998176,0.12949702919724507,0.25439165394607116,normal,0.3582344074330191
2019,homem,rural,30 a 44 anos,-0.012801077387815996,0.046416472091835,0.28301337157853607,0.43345544328750213,0.35068593288680905,0.5153411743998176,0.12949702919724507,0.25439165394607116,sobrepeso,0.43301355364331334
2019,homem,rural,30 a 44 anos,-0.012801077387815996,0.046416472091835,0.28301337157853607,0.43345544328750213,0.35068593288680905,0.5153411743998176,0.12949702919724507,0.25439165394607116,obesidade,0.1919443415716581
2019,homem,rural,45 a 59 anos,0.005386838777891482,0.04006006549718748,0.3063139309558124,0.44603703669917905,0.341357561606584,0.48594053900404827,0.13138657533777426,0.24351745212152326,abaixo do peso,0.02272345213753948
2019,homem,rural,45 a 59 anos,0.005386838777891482,0.04006006549718748,0.3063139309558124,0.44603703669917905,0.341357561606584,0.48594053900404827,0.13138657533777426,0.24351745212152326,normal,0.3761754838274957
2019,homem,rural,45 a 59 anos,0.005386838777891482,0.04006006549718748,0.3063139309558124,0.44603703669917905,0.341357561606584,0.48594053900404827,0.13138657533777426,0.24351745212152326,sobrepeso,0.4136490503053161
2019,homem,rural,45 a 59 anos,0.005386838777891482,0.04006006549718748,0.3063139309558124,0.44603703669917905,0.341357561606584,0.48594053900404827,0.13138657533777426,0.24351745212152326,obesidade,0.18745201372964876
2019,homem,rural,60 a 74 anos,-9.444798112134885e-4,0.03028676626707264,0.3268492114536677,0.5261551106714121,0.34605606246035725,0.5420887708592477,0.06353170054814333,0.1659768575513129,abaixo do peso,0.014671143227929576
2019,homem,rural,60 a 74 anos,-9.444798112134885e-4,0.03028676626707264,0.3268492114536677,0.5261551106714121,0.34605606246035725,0.5420887708592477,0.06353170054814333,0.1659768575513129,normal,0.42650216106253985
2019,homem,rural,60 a 74 anos,-9.444798112134885e-4,0.03028676626707264,0.3268492114536677,0.5261551106714121,0.34605606246035725,0.5420887708592477,0.06353170054814333,0.1659768575513129,sobrepeso,0.44407241665980246
2019,homem,rural,60 a 74 anos,-9.444798112134885e-4,0.03028676626707264,0.3268492114536677,0.5261551106714121,0.34605606246035725,0.5420887708592477,0.06353170054814333,0.1659768575513129,obesidade,0.11475427904972811
2019,homem,rural,75 anos ou mais,0.008592877368294533,0.07634147705597973,0.3159171047464185,0.6609640001535555,0.18513598770031964,0.5446139825429128,-0.011927902309414692,0.22036247274193377,abaixo do peso,0.04246717721213713
2019,homem,rural,75 anos ou mais,0.008592877368294533,0.07634147705597973,0.3159171047464185,0.6609640001535555,0.18513598770031964,0.5446139825429128,-0.011927902309414692,0.22036247274193377,normal,0.488440552449987
2019,homem,rural,75 anos ou mais,0.008592877368294533,0.07634147705597973,0.3159171047464185,0.6609640001535555,0.18513598770031964,0.5446139825429128,-0.011927902309414692,0.22036247274193377,sobrepeso,0.36487498512161626
2019,homem,rural,75 anos ou mais,0.008592877368294533,0.07634147705597973,0.3159171047464185,0.6609640001535555,0.18513598770031964,0.5446139825429128,-0.011927902309414692,0.22036247274193377,obesidade,0.10421728521625953
2019,mulher,urbano,18 a 29 anos,0.02392208645525412,0.24343578125752313,0.2913920521575597,0.4971178519964583,0.17742594350916702,0.3529984176212431,0.11168029508162693,0.3020275719211679,abaixo do peso,0.13367893385638863
2019,mulher,urbano,18 a 29 anos,0.02392208645525412,0.24343578125752313,0.2913920521575597,0.4971178519964583,0.17742594350916702,0.3529984176212431,0.11168029508162693,0.3020275719211679,normal,0.394254952077009
2019,mulher,urbano,18 a 29 anos,0.02392208645525412,0.24343578125752313,0.2913920521575597,0.4971178519964583,0.17742594350916702,0.3529984176212431,0.11168029508162693,0.3020275719211679,sobrepeso,0.26521218056520507
2019,mulher,urbano,18 a 29 anos,0.02392208645525412,0.24343578125752313,0.2913920521575597,0.4971178519964583,0.17742594350916702,0.3529984176212431,0.11168029508162693,0.3020275719211679,obesidade,0.2068539335013974
2019,mulher,urbano,30 a 44 anos,0.0015954856702176373,0.021788824298787236,0.29615468226100594,0.46342431284507146,0.2533124817147627,0.38302345758681233,0.19985408581809166,0.380846669805251,abaixo do peso,0.011692154984502436
2019,mulher,urbano,30 a 44 anos,0.0015954856702176373,0.021788824298787236,0.29615468226100594,0.46342431284507146,0.2533124817147627,0.38302345758681233,0.19985408581809166,0.380846669805251,normal,0.3797894975530387
2019,mulher,urbano,30 a 44 anos,0.0015954856702176373,0.021788824298787236,0.29615468226100594,0.46342431284507146,0.2533124817147627,0.38302345758681233,0.19985408581809166,0.380846669805251,sobrepeso,0.31816796965078753
2019,mulher,urbano,30 a 44 anos,0.0015954856702176373,0.021788824298787236,0.29615468226100594,0.46342431284507146,0.2533124817147627,0.38302345758681233,0.19985408581809166,0.380846669805251,obesidade,0.29035037781167133
2019,mulher,urbano,45 a 59 anos,4.932332089374993e-5,0.004274506953210303,0.2048247798185363,0.3098721606825666,0.2885266427507871,0.41568706274984535,0.3138257468651281,0.4629397768590323,abaixo do peso,0.0021619151370520263
2019,mulher,urbano,45 a 59 anos,4.932332089374993e-5,0.004274506953210303,0.2048247798185363,0.3098721606825666,0.2885266427507871,0.41568706274984535,0.3138257468651281,0.4629397768590323,normal,0.25734847025055146
2019,mulher,urbano,45 a 59 anos,4.932332089374993e-5,0.004274506953210303,0.2048247798185363,0.3098721606825666,0.2885266427507871,0.41568706274984535,0.3138257468651281,0.4629397768590323,sobrepeso,0.3521068527503162
2019,mulher,urbano,45 a 59 anos,4.932332089374993e-5,0.004274506953210303,0.2048247798185363,0.3098721606825666,0.2885266427507871,0.41568706274984535,0.3138257468651281,0.4629397768590323,obesidade,0.3883827618620802
2019,mulher,urbano,60 a 74 anos,0.005963316842430136,0.04145323057968034,0.21581672410959168,0.3477908955316991,0.33926865882899265,0.47950275536626025,0.22055948377729784,0.349644934964048,abaixo do peso,0.023708273711055237
2019,mulher,urbano,60 a 74 anos,0.005963316842430136,0.04145323057968034,0.21581672410959168,0.3477908955316991,0.33926865882899265,0.47950275536626025,0.22055948377729784,0.349644934964048,normal,0.2818038098206454
2019,mulher,urbano,60 a 74 anos,0.005963316842430136,0.04145323057968034,0.21581672410959168,0.3477908955316991,0.33926865882899265,0.47950275536626025,0.22055948377729784,0.349644934964048,sobrepeso,0.40938570709762645
2019,mulher,urbano,60 a 74 anos,0.005963316842430136,0.04145323057968034,0.21581672410959168,0.3477908955316991,0.33926865882899265,0.47950275536626025,0.22055948377729784,0.349644934964048,obesidade,0.28510220937067293
2019,mulher,urbano,75 anos ou mais,-0.005983613638319105,0.06726228413506156,0.2826532404818371,0.49873725292877885,0.21138017930517428,0.4203971643421809,0.16051052476023697,0.3650429676850494,abaixo do peso,0.03063933524837123
2019,mulher,urbano,75 anos ou mais,-0.005983613638319105,0.06726228413506156,0.2826532404818371,0.49873725292877885,0.21138017930517428,0.4203971643421809,0.16051052476023697,0.3650429676850494,normal,0.390695246705308
2019,mulher,urbano,75 anos ou mais,-0.005983613638319105,0.06726228413506156,0.2826532404818371,0.49873725292877885,0.21138017930517428,0.4203971643421809,0.16051052476023697,0.3650429676850494,sobrepeso,0.3158886718236776
2019,mulher,urbano,75 anos ou mais,-0.005983613638319105,0.06726228413506156,0.2826532404818371,0.49873725292877885,0.21138017930517428,0.4203971643421809,0.16051052476023697,0.3650429676850494,obesidade,0.2627767462226432
2019,mulher,rural,18 a 29 anos,0.007799677393796466,0.08974705453840048,0.39168192075772057,0.6150648688474681,0.15506217177832016,0.40651394266952845,0.0829582876604592,0.25117207635430633,abaixo do peso,0.04877336596609848
2019,mulher,rural,18 a 29 anos,0.007799677393796466,0.08974705453840048,0.39168192075772057,0.6150648688474681,0.15506217177832016,0.40651394266952845,0.0829582876604592,0.25117207635430633,normal,0.5033733948025944
2019,mulher,rural,18 a 29 anos,0.007799677393796466,0.08974705453840048,0.39168192075772057,0.6150648688474681,0.15506217177832016,0.40651394266952845,0.0829582876604592,0.25117207635430633,sobrepeso,0.2807880572239243
2019,mulher,rural,18 a 29 anos,0.007799677393796466,0.08974705453840048,0.39168192075772057,0.6150648688474681,0.15506217177832016,0.40651394266952845,0.0829582876604592,0.25117207635430633,obesidade,0.16706518200738277
2019,mulher,rural,30 a 44 anos,-0.0023295890433730274,0.018123831741449426,0.28017890233215703,0.42393102077796807,0.2644695189567229,0.4214553293368615,0.22333657339839524,0.3708344124998188,abaixo do peso,0.0078971213490382
2019,mulher,rural,30 a 44 anos,-0.0023295890433730274,0.018123831741449426,0.28017890233215703,0.42393102077796807,0.2644695189567229,0.4214553293368615,0.22333657339839524,0.3708344124998188,normal,0.35205496155506255
2019,mulher,rural,30 a 44 anos,-0.0023295890433730274,0.018123831741449426,0.28017890233215703,0.42393102077796807,0.2644695189567229,0.4214553293368615,0.22333657339839524,0.3708344124998188,sobrepeso,0.3429624241467922
2019,mulher,rural,30 a 44 anos,-0.0023295890433730274,0.018123831741449426,0.28017890233215703,0.42393102077796807,0.2644695189567229,0.4214553293368615,0.22333657339839524,0.3708344124998188,obesidade,0.297085492949107
2019,mulher,rural,45 a 59 anos,0.002408547321743934,0.06555378036414404,0.1776433973066029,0.3146693744810012,0.2678867754554649,0.41401702786798067,0.30776900667761237,0.45005209052545,abaixo do peso,0.03398116384294399
2019,mulher,rural,45 a 59 anos,0.002408547321743934,0.06555378036414404,0.1776433973066029,0.3146693744810012,0.2678867754554649,0.41401702786798067,0.30776900667761237,0.45005209052545,normal,0.24615638589380204
2019,mulher,rural,45 a 59 anos,0.002408547321743934,0.06555378036414404,0.1776433973066029,0.3146693744810012,0.2678867754554649,0.41401702786798067,0.30776900667761237,0.45005209052545,sobrepeso,0.3409519016617228
2019,mulher,rural,45 a 59 anos,0.002408547321743934,0.06555378036414404,0.1776433973066029,0.3146693744810012,0.2678867754554649,0.41401702786798067,0.30776900667761237,0.45005209052545,obesidade,0.37891054860153117
2019,mulher,rural,60 a 74 anos,-5.591534272613597e-4,0.02709436321378606,0.25158442881520787,0.48142744998171566,0.2617533385628786,0.4702589633502903,0.16922649360094727,0.3392141159024357,abaixo do peso,0.01326760489326235
2019,mulher,rural,60 a 74 anos,-5.591534272613597e-4,0.02709436321378606,0.25158442881520787,0.48142744998171566,0.2617533385628786,0.4702589633502903,0.16922649360094727,0.3392141159024357,normal,0.36650593939846177
2019,mulher,rural,60 a 74 anos,-5.591534272613597e-4,0.02709436321378606,0.25158442881520787,0.48142744998171566,0.2617533385628786,0.4702589633502903,0.16922649360094727,0.3392141159024357,sobrepeso,0.36600615095658445
2019,mulher,rural,60 a 74 anos,-5.591534272613597e-4,0.02709436321378606,0.25158442881520787,0.48142744998171566,0.2617533385628786,0.4702589633502903,0.16922649360094727,0.3392141159024357,obesidade,0.2542203047516915
2019,mulher,rural,75 anos ou mais,0.027539812389518026,0.27590294733397736,0.25056181392030064,0.525476422522172,0.11494428667417611,0.33608483362717423,0.07931338442445779,0.39017649910822394,abaixo do peso,0.1517213798617477
2019,mulher,rural,75 anos ou mais,0.027539812389518026,0.27590294733397736,0.25056181392030064,0.525476422522172,0.11494428667417611,0.33608483362717423,0.07931338442445779,0.39017649910822394,normal,0.3880191182212363
2019,mulher,rural,75 anos ou mais,0.027539812389518026,0.27590294733397736,0.25056181392030064,0.525476422522172,0.11494428667417611,0.33608483362717423,0.07931338442445779,0.39017649910822394,sobrepeso,0.22551456015067517
2019,mulher,rural,75 anos ou mais,0.027539812389518026,0.27590294733397736,0.25056181392030064,0.525476422522172,0.11494428667417611,0.33608483362717423,0.07931338442445779,0.39017649910822394,obesidade,0.23474494176634086
